,index,COUNTRY,ISO3,0,1,2,3,4,5,6,7,8,9,10,11
0,0,Afghanistan,AFG,AstraZeneca - Vaxzevria,Beijing CNBG - BBIBP-CorV,Bharat - Covaxin,CanSino - Convidecia,Gamaleya - Gam-Covid-Vac,Gamaleya - Sputnik-Light,Janssen - Ad26.COV 2-S,Moderna - Spikevax,Pfizer BioNTech - Comirnaty,SII - Covishield,Sinovac - CoronaVac,
1,1,Albania,ALB,AstraZeneca - Vaxzevria,Gamaleya - Gam-Covid-Vac,Pfizer BioNTech - Comirnaty,SII - Covishield,Sinovac - CoronaVac,,,,,,,
2,2,Algeria,DZA,Beijing CNBG - BBIBP-CorV,Gamaleya - Gam-Covid-Vac,SII - Covishield,Sinovac - CoronaVac,,,,,,,,
3,3,American Samoa,ASM,Janssen - Ad26.COV 2-S,Moderna - Spikevax,Pfizer BioNTech - Comirnaty,,,,,,,,,
4,4,Andorra,AND,AstraZeneca - Vaxzevria,Moderna - Spikevax,Pfizer BioNTech - Comirnaty,,,,,,,,,
5,5,Angola,AGO,SII - Covishield,,,,,,,,,,,
6,6,Anguilla,AIA,AstraZeneca - Vaxzevria,Pfizer BioNTech - Comirnaty,,,,,,,,,,
7,7,Antigua and Barbuda,ATG,AstraZeneca - Vaxzevria,Beijing CNBG - BBIBP-CorV,Gamaleya - Gam-Covid-Vac,Janssen - Ad26.COV 2-S,Pfizer BioNTech - Comirnaty,SII - Covishield,,,,,,
8,8,Argentina,ARG,AstraZeneca - Vaxzevria,Beijing CNBG - BBIBP-CorV,CanSino - Convidecia,Gamaleya - Gam-Covid-Vac,Moderna - Spikevax,Pfizer BioNTech - Comirnaty,SII - Covishield,,,,,
9,9,Armenia,ARM,AstraZeneca - Vaxzevria,Beijing CNBG - BBIBP-CorV,Gamaleya - Gam-Covid-Vac,Gamaleya - Sputnik-Light,Moderna - Spikevax,Pfizer BioNTech - Comirnaty,Sinovac - CoronaVac,Wuhan CNBG - Inactivated,,,,
10,10,Aruba,ABW,Janssen - Ad26.COV 2-S,Pfizer BioNTech - Comirnaty,,,,,,,,,,
11,11,Australia,AUS,AstraZeneca - Vaxzevria,Janssen - Ad26.COV 2-S,Moderna - Spikevax,Novavax-NUVAXOVID,Pfizer BioNTech - Comirnaty,,,,,,,
12,12,Austria,AUT,AstraZeneca - Vaxzevria,Janssen - Ad26.COV 2-S,Moderna - Spikevax,Moderna â€“ Spikevax Bivalent Original/Omicron BA.1,Novavax-NUVAXOVID,Pfizer BioNTech - Comirnaty,Pfizer BioNTech - Comirnaty Bivalent Original/Omicron BA.1,Pfizer BioNTech - Comirnaty Bivalent Original/Omicron BA.4/BA.5,Unknown Vaccine,Valneva - VLA2001,,
13,13,Azerbaijan,AZE,AstraZeneca - Vaxzevria,Gamaleya - Gam-Covid-Vac,Gamaleya - Sputnik-Light,Pfizer BioNTech - Comirnaty,Sinovac - CoronaVac,,,,,,,
14,14,Bahamas,BHS,AstraZeneca - Vaxzevria,Janssen - Ad26.COV 2-S,Pfizer BioNTech - Comirnaty,SII - Covishield,,,,,,,,
15,15,Bahrain,BHR,AstraZeneca - Vaxzevria,Beijing CNBG - BBIBP-CorV,Bharat - Covaxin,CanSino - Convidecia,Gamaleya - Gam-Covid-Vac,Gamaleya - Sputnik-Light,Janssen - Ad26.COV 2-S,Moderna - Spikevax,Pfizer BioNTech - Comirnaty,SII - Covishield,Sinovac - CoronaVac,
16,16,Bangladesh,BGD,AstraZeneca - Vaxzevria,Beijing CNBG - BBIBP-CorV,Gamaleya - Gam-Covid-Vac,Janssen - Ad26.COV 2-S,Moderna - Spikevax,Pfizer BioNTech - Comirnaty,SII - Covishield,Sinovac - CoronaVac,,,,
17,17,Barbados,BRB,AstraZeneca - Vaxzevria,Beijing CNBG - BBIBP-CorV,Janssen - Ad26.COV 2-S,Pfizer BioNTech - Comirnaty,SII - Covishield,,,,,,,
18,18,Belarus,BLR,Beijing CNBG - BBIBP-CorV,Chumakov - Covi-Vac,Gamaleya - Gam-Covid-Vac,Gamaleya - Sputnik-Light,,,,,,,,
19,19,Belgium,BEL,AstraZeneca - Vaxzevria,Janssen - Ad26.COV 2-S,Moderna - Spikevax,Pfizer BioNTech - Comirnaty,,,,,,,,
20,20,Belize,BLZ,AstraZeneca - Vaxzevria,Beijing CNBG - BBIBP-CorV,Janssen - Ad26.COV 2-S,Pfizer BioNTech - Comirnaty,SII - Covishield,,,,,,,
21,21,Benin,BEN,AstraZeneca - Vaxzevria,Janssen - Ad26.COV 2-S,Pfizer BioNTech - Comirnaty,SII - Covishield,Sinovac - CoronaVac,,,,,,,
22,22,Bermuda,BMU,AstraZeneca - Vaxzevria,Moderna - Spikevax,Pfizer BioNTech - Comirnaty,,,,,,,,,
23,23,Bhutan,BTN,AstraZeneca - Vaxzevria,Beijing CNBG - BBIBP-CorV,Moderna - Spikevax,Pfizer BioNTech - Comirnaty,SII - Covishield,,,,,,,
24,24,Bolivia (Plurinational State of),BOL,AstraZeneca - Vaxzevria,Beijing CNBG - BBIBP-CorV,Gamaleya - Gam-Covid-Vac,Janssen - Ad26.COV 2-S,Moderna - Spikevax,Pfizer BioNTech - Comirnaty,SII - Covishield,,,,,
25,25,Bonaire,XAA,Moderna, Pfizer/BioNTech,,,,,,,,,,
26,26,"Bonaire, Sint Eustatius and Saba",BES,Moderna - mRNA-1273, Pfizer BioNTech - Comirnaty,,,,,,,,,,
27,27,Bosnia and Herzegovina,BIH,AstraZeneca - AZD1222, Pfizer BioNTech - Comirnaty, Sinovac - CoronaVac, Gamaleya - Sputnik V,,,,,,,,
28,28,Botswana,BWA,Bharat - Covaxin,Janssen - Ad26.COV 2-S,Moderna - Spikevax,Pfizer BioNTech - Comirnaty,SII - Covishield,Sinovac - CoronaVac,,,,,,
29,29,Brazil,BRA,AstraZeneca - Vaxzevria,Janssen - Ad26.COV 2-S,Pfizer BioNTech - Comirnaty,SII - Covishield,Sinovac - CoronaVac,,,,,,,
30,30,British Virgin Islands,VGB,AstraZeneca - Vaxzevria,Janssen - Ad26.COV 2-S,,,,,,,,,,
31,31,Brunei Darussalam,BRN,AstraZeneca - Vaxzevria,Beijing CNBG - BBIBP-CorV,Janssen - Ad26.COV 2-S,Moderna - Spikevax,Pfizer BioNTech - Comirnaty,,,,,,,
32,32,Bulgaria,BGR,AstraZeneca - Vaxzevria,Janssen - Ad26.COV 2-S,Moderna - Spikevax,Pfizer BioNTech - Comirnaty,,,,,,,,
33,33,Burkina Faso,BFA,Beijing CNBG - BBIBP-CorV,Janssen - Ad26.COV 2-S,SII - Covishield,,,,,,,,,
34,34,Burundi,BDI,Beijing CNBG - BBIBP-CorV,,,,,,,,,,,
35,35,Cabo Verde,CPV,Beijing CNBG - BBIBP-CorV,Moderna - Spikevax,Pfizer BioNTech - Comirnaty,SII - Covishield,,,,,,,,
36,36,Cambodia,KHM,AstraZeneca - Vaxzevria,Beijing CNBG - BBIBP-CorV,Janssen - Ad26.COV 2-S,Moderna - Spikevax,Pfizer BioNTech - Comirnaty,SII - Covishield,Sinovac - CoronaVac,,,,,
37,37,Cameroon,CMR,Beijing CNBG - BBIBP-CorV,Janssen - Ad26.COV 2-S,Pfizer BioNTech - Comirnaty,SII - Covishield,,,,,,,,
38,38,Canada,CAN,AstraZeneca - Vaxzevria,Janssen - Ad26.COV 2-S,Moderna - Spikevax,Pfizer BioNTech - Comirnaty,SII - Covishield,,,,,,,
39,39,Cayman Islands,CYM,Pfizer BioNTech - Comirnaty,,,,,,,,,,,
40,40,Central African Republic,CAF,Bharat - Covaxin,SII - Covishield,,,,,,,,,,
41,41,Chad,TCD,Beijing CNBG - BBIBP-CorV,,,,,,,,,,,
42,42,Chile,CHL,AstraZeneca - Vaxzevria,CanSino - Convidecia,Moderna - Spikevax,Pfizer BioNTech - Comirnaty,Sinovac - CoronaVac,,,,,,,
43,43,China,CHN,Anhui ZL - Zifivax,Beijing CNBG - BBIBP-CorV,CanSino - Convidecia,IMB - Covidful,Pfizer BioNTech - Comirnaty,Shenzhen - LV-SMENP-DC,Sinovac - CoronaVac,Wuhan CNBG - Inactivated,,,,
44,44,Colombia,COL,AstraZeneca - Vaxzevria,Janssen - Ad26.COV 2-S,Moderna - Spikevax,Pfizer BioNTech - Comirnaty,Sinovac - CoronaVac,,,,,,,
45,45,Comoros,COM,Beijing CNBG - BBIBP-CorV,Bharat - Covaxin,SII - Covishield,,,,,,,,,
46,46,Congo,COG,Beijing CNBG - BBIBP-CorV,Gamaleya - Gam-Covid-Vac,Moderna - Spikevax,SII - Covishield,,,,,,,,
47,47,Cook Islands,COK,Pfizer BioNTech - Comirnaty,,,,,,,,,,,
48,48,Costa Rica,CRI,AstraZeneca - Vaxzevria,Moderna - Spikevax,Pfizer BioNTech - Comirnaty,,,,,,,,,
49,49,CÃ´te dâ€™Ivoire,CIV,Beijing CNBG - BBIBP-CorV,Gamaleya - Gam-Covid-Vac,Janssen - Ad26.COV 2-S,Pfizer BioNTech - Comirnaty,SII - Covishield,,,,,,,
50,50,Croatia,HRV,AstraZeneca - Vaxzevria,Janssen - Ad26.COV 2-S,Moderna - Spikevax,Novavax-NUVAXOVID,Pfizer BioNTech - Comirnaty,Unknown Vaccine,,,,,,
51,51,Cuba,CUB,CIGB - CIGB-66,Finlay - Soberana Plus,Finlay - Soberana-02,,,,,,,,,
52,52,CuraÃ§ao,CUW,AstraZeneca - Vaxzevria,Moderna - Spikevax,Pfizer BioNTech - Comirnaty,,,,,,,,,
53,53,Cyprus,CYP,AstraZeneca - Vaxzevria,Janssen - Ad26.COV 2-S,Moderna - Spikevax,Novavax-NUVAXOVID,Pfizer BioNTech - Comirnaty,,,,,,,
54,54,Czechia,CZE,AstraZeneca - Vaxzevria,Janssen - Ad26.COV 2-S,Moderna - Spikevax,Novavax-NUVAXOVID,Pfizer BioNTech - Comirnaty,Pfizer BioNTech - Comirnaty Bivalent Original/Omicron BA.1,Pfizer BioNTech - Comirnaty Bivalent Original/Omicron BA.4/BA.5,,,,,
55,55,Democratic Republic of the Congo,COD,SII - Covishield,,,,,,,,,,,
56,56,Denmark,DNK,AstraZeneca - Vaxzevria,Janssen - Ad26.COV 2-S,Moderna - Spikevax,Pfizer BioNTech - Comirnaty,Unknown Vaccine,,,,,,,
57,57,Djibouti,DJI,AstraZeneca - Vaxzevria,Beijing CNBG - BBIBP-CorV,Bharat - Covaxin,CanSino - Convidecia,Gamaleya - Gam-Covid-Vac,Gamaleya - Sputnik-Light,Janssen - Ad26.COV 2-S,Moderna - Spikevax,Pfizer BioNTech - Comirnaty,SII - Covishield,Sinovac - CoronaVac,
58,58,Dominica,DMA,AstraZeneca - Vaxzevria,Beijing CNBG - BBIBP-CorV,Moderna - Spikevax,Pfizer BioNTech - Comirnaty,SII - Covishield,,,,,,,
59,59,Dominican Republic,DOM,AstraZeneca - Vaxzevria,SII - Covishield,Sinovac - CoronaVac,,,,,,,,,
60,60,Ecuador,ECU,AstraZeneca - Vaxzevria,CanSino - Convidecia,Pfizer BioNTech - Comirnaty,Sinovac - CoronaVac,,,,,,,,
61,61,Egypt,EGY,AstraZeneca - Vaxzevria,Beijing CNBG - BBIBP-CorV,Bharat - Covaxin,CanSino - Convidecia,Gamaleya - Gam-Covid-Vac,Gamaleya - Sputnik-Light,Janssen - Ad26.COV 2-S,Moderna - Spikevax,Pfizer BioNTech - Comirnaty,Sinovac - CoronaVac,,
62,62,El Salvador,SLV,AstraZeneca - Vaxzevria,Beijing CNBG - BBIBP-CorV,Moderna - Spikevax,Pfizer BioNTech - Comirnaty,SII - Covishield,Sinovac - CoronaVac,,,,,,
63,63,Equatorial Guinea,GNQ,Beijing CNBG - BBIBP-CorV,Sinovac - CoronaVac,,,,,,,,,,
64,64,Eritrea,ERI,,,,,,,,,,,,
65,65,Estonia,EST,AstraZeneca - Vaxzevria,Janssen - Ad26.COV 2-S,Moderna - Spikevax,Moderna â€“ Spikevax Bivalent Original/Omicron BA.1,Novavax-NUVAXOVID,Pfizer BioNTech - Comirnaty,Pfizer BioNTech - Comirnaty Bivalent Original/Omicron BA.1,Pfizer BioNTech - Comirnaty Bivalent Original/Omicron BA.4/BA.5,,,,
66,66,Eswatini,SWZ,Janssen - Ad26.COV 2-S,Pfizer BioNTech - Comirnaty,SII - Covishield,,,,,,,,,
67,67,Ethiopia,ETH,Beijing CNBG - BBIBP-CorV,Bharat - Covaxin,Janssen - Ad26.COV 2-S,SII - Covishield,,,,,,,,
68,68,Falkland Islands (Malvinas),FLK,AstraZeneca - AZD1222,,,,,,,,,,,
69,69,Faroe Islands,FRO,Moderna - mRNA-1273, Pfizer BioNTech - Comirnaty,,,,,,,,,,
70,70,Fiji,FJI,AstraZeneca - Vaxzevria,Moderna - Spikevax,SII - Covishield,,,,,,,,,
71,71,Finland,FIN,AstraZeneca - Vaxzevria,Janssen - Ad26.COV 2-S,Moderna - Spikevax,Pfizer BioNTech - Comirnaty,Unknown Vaccine,,,,,,,
72,72,France,FRA,AstraZeneca - Vaxzevria,Janssen - Ad26.COV 2-S,Moderna - Spikevax,Novavax-NUVAXOVID,Pfizer BioNTech - Comirnaty,Unknown Vaccine,,,,,,
73,73,French Guiana,GUF,Moderna - Spikevax,Pfizer BioNTech - Comirnaty,,,,,,,,,,
74,74,French Polynesia,PYF,Janssen - Ad26.COV 2-S,Pfizer BioNTech - Comirnaty,,,,,,,,,,
75,75,Gabon,GAB,Beijing CNBG - BBIBP-CorV,Gamaleya - Gam-Covid-Vac,Pfizer BioNTech - Comirnaty,,,,,,,,,
76,76,Gambia,GMB,Beijing CNBG - BBIBP-CorV,SII - Covishield,,,,,,,,,,
77,77,Georgia,GEO,AstraZeneca - Vaxzevria,Beijing CNBG - BBIBP-CorV,Pfizer BioNTech - Comirnaty,Sinovac - CoronaVac,,,,,,,,
78,78,Germany,DEU,AstraZeneca - Vaxzevria,Janssen - Ad26.COV 2-S,Moderna - Spikevax,Moderna â€“ Spikevax Bivalent Original/Omicron  - Generic,Novavax-NUVAXOVID,Pfizer BioNTech - Comirnaty,Pfizer BioNTech - Comirnaty Bivalent Original/Omicron - Generic,Unknown Vaccine,Valneva - VLA2001,,,
79,79,Ghana,GHA,Gamaleya - Gam-Covid-Vac,SII - Covishield,,,,,,,,,,
80,80,Gibraltar,GIB,AstraZeneca - AZD1222, Pfizer BioNTech - Comirnaty,,,,,,,,,,
81,81,Greece,GRC,AstraZeneca - Vaxzevria,Janssen - Ad26.COV 2-S,Moderna - Spikevax,Novavax-NUVAXOVID,Pfizer BioNTech - Comirnaty,Pfizer BioNTech - Comirnaty Bivalent Original/Omicron BA.1,Pfizer BioNTech - Comirnaty Bivalent Original/Omicron BA.4/BA.5,,,,,
82,82,Greenland,GRL,Moderna - mRNA-1273,,,,,,,,,,,
83,83,Grenada,GRD,AstraZeneca - Vaxzevria,Janssen - Ad26.COV 2-S,Moderna - Spikevax,Pfizer BioNTech - Comirnaty,SII - Covishield,,,,,,,
84,84,Guadeloupe,GLP,AstraZeneca - Vaxzevria,Janssen - Ad26.COV 2-S,Moderna - Spikevax,Novavax-NUVAXOVID,Pfizer BioNTech - Comirnaty,,,,,,,
85,85,Guam,GUM,Janssen - Ad26.COV 2-S,Moderna - Spikevax,Pfizer BioNTech - Comirnaty,,,,,,,,,
86,86,Guatemala,GTM,AstraZeneca - Vaxzevria,Gamaleya - Gam-Covid-Vac,Moderna - Spikevax,Pfizer BioNTech - Comirnaty,SII - Covishield,,,,,,,
87,87,Guernsey,GGY,Moderna - mRNA-1273, AstraZeneca - AZD1222, Pfizer BioNTech - Comirnaty,,,,,,,,,
88,88,Guinea,GIN,Beijing CNBG - BBIBP-CorV,Gamaleya - Gam-Covid-Vac,Janssen - Ad26.COV 2-S,Pfizer BioNTech - Comirnaty,SII - Covishield,Sinovac - CoronaVac,,,,,,
89,89,Guinea-Bissau,GNB,Beijing CNBG - BBIBP-CorV,SII - Covishield,,,,,,,,,,
90,90,Guyana,GUY,AstraZeneca - Vaxzevria,Beijing CNBG - BBIBP-CorV,Gamaleya - Gam-Covid-Vac,Janssen - Ad26.COV 2-S,Moderna - Spikevax,Pfizer BioNTech - Comirnaty,SII - Covishield,,,,,
91,91,Haiti,HTI,Janssen - Ad26.COV 2-S,Moderna - Spikevax,,,,,,,,,,
92,92,Honduras,HND,AstraZeneca - Vaxzevria,Gamaleya - Gam-Covid-Vac,Janssen - Ad26.COV 2-S,Moderna - Spikevax,Pfizer BioNTech - Comirnaty,SII - Covishield,,,,,,
93,93,Hungary,HUN,AstraZeneca - Vaxzevria,Beijing CNBG - BBIBP-CorV,Gamaleya - Gam-Covid-Vac,Janssen - Ad26.COV 2-S,Moderna - Spikevax,Pfizer BioNTech - Comirnaty,Pfizer BioNTech - Comirnaty Bivalent Original/Omicron BA.1,Sinovac - CoronaVac,,,,
94,94,Iceland,ISL,AstraZeneca - Vaxzevria,Janssen - Ad26.COV 2-S,Moderna - Spikevax,Novavax-NUVAXOVID,Pfizer BioNTech - Comirnaty,,,,,,,
95,95,India,IND,Bharat - Covaxin,Biological E - Corbevax,Gamaleya - Gam-Covid-Vac,Janssen - Ad26.COV 2-S,Moderna - Spikevax,SII - Covishield,SII - Covovax,Zydus - ZyCov-D,,,,
96,96,Indonesia,IDN,AstraZeneca - Vaxzevria,Beijing CNBG - BBIBP-CorV,Janssen - Ad26.COV 2-S,Moderna - Spikevax,Novavax-NUVAXOVID,Pfizer BioNTech - Comirnaty,Sinovac - CoronaVac,,,,,
97,97,Iran (Islamic Republic of),IRN,AstraZeneca - Vaxzevria,Beijing CNBG - BBIBP-CorV,Bharat - Covaxin,CanSino - Convidecia,Finlay - Soberana-02,Gamaleya - Gam-Covid-Vac,Gamaleya - Sputnik-Light,Janssen - Ad26.COV 2-S,Moderna - Spikevax,Pfizer BioNTech - Comirnaty,Shifa - COVIran Barakat,Sinovac - CoronaVac
98,98,Iraq,IRQ,AstraZeneca - Vaxzevria,Beijing CNBG - BBIBP-CorV,Bharat - Covaxin,CanSino - Convidecia,Gamaleya - Gam-Covid-Vac,Gamaleya - Sputnik-Light,Janssen - Ad26.COV 2-S,Moderna - Spikevax,Pfizer BioNTech - Comirnaty,Sinovac - CoronaVac,,
99,99,Ireland,IRL,AstraZeneca - Vaxzevria,Janssen - Ad26.COV 2-S,Moderna - Spikevax,Novavax-NUVAXOVID,Pfizer BioNTech - Comirnaty,,,,,,,
100,100,Isle of Man,IMN,Moderna - mRNA-1273, AstraZeneca - AZD1222, Pfizer BioNTech - Comirnaty,,,,,,,,,
101,101,Israel,ISR,AstraZeneca - Vaxzevria,Moderna - Spikevax,Pfizer BioNTech - Comirnaty,,,,,,,,,
102,102,Italy,ITA,AstraZeneca - Vaxzevria,Janssen - Ad26.COV 2-S,Moderna - Spikevax,Moderna â€“ Spikevax Bivalent Original/Omicron BA.1,Novavax-NUVAXOVID,Pfizer BioNTech - Comirnaty,Pfizer BioNTech - Comirnaty Bivalent Original/Omicron BA.1,Pfizer BioNTech - Comirnaty Bivalent Original/Omicron BA.4/BA.5,,,,
103,103,Jamaica,JAM,AstraZeneca - Vaxzevria,Beijing CNBG - BBIBP-CorV,Janssen - Ad26.COV 2-S,Pfizer BioNTech - Comirnaty,SII - Covishield,,,,,,,
104,104,Japan,JPN,AstraZeneca - Vaxzevria,Moderna - Spikevax,Novavax-NUVAXOVID,Pfizer BioNTech - Comirnaty,,,,,,,,
105,105,Jersey,JEY,Moderna - mRNA-1273, AstraZeneca - AZD1222, Pfizer BioNTech - Comirnaty,,,,,,,,,
106,106,Jordan,JOR,AstraZeneca - Vaxzevria,Beijing CNBG - BBIBP-CorV,Bharat - Covaxin,CanSino - Convidecia,Gamaleya - Gam-Covid-Vac,Gamaleya - Sputnik-Light,Janssen - Ad26.COV 2-S,Moderna - Spikevax,Pfizer BioNTech - Comirnaty,Sinovac - CoronaVac,,
107,107,Kazakhstan,KAZ,Beijing CNBG - BBIBP-CorV,Gamaleya - Gam-Covid-Vac,Pfizer BioNTech - Comirnaty,RIBSP - QazVac,Sinovac - CoronaVac,,,,,,,
108,108,Kenya,KEN,Beijing CNBG - BBIBP-CorV,Janssen - Ad26.COV 2-S,Moderna - Spikevax,Pfizer BioNTech - Comirnaty,SII - Covishield,,,,,,,
109,109,Kiribati,KIR,AstraZeneca - Vaxzevria,Beijing CNBG - BBIBP-CorV,,,,,,,,,,
110,110,Kosovo,XKX,AstraZeneca - Vaxzevria,Pfizer BioNTech - Comirnaty,,,,,,,,,,
111,111,Kuwait,KWT,AstraZeneca - Vaxzevria,Beijing CNBG - BBIBP-CorV,Bharat - Covaxin,CanSino - Convidecia,Gamaleya - Gam-Covid-Vac,Gamaleya - Sputnik-Light,Janssen - Ad26.COV 2-S,Moderna - Spikevax,Pfizer BioNTech - Comirnaty,Sinovac - CoronaVac,,
112,112,Kyrgyzstan,KGZ,AstraZeneca - Vaxzevria,Beijing CNBG - BBIBP-CorV,Gamaleya - Gam-Covid-Vac,Moderna - Spikevax,Pfizer BioNTech - Comirnaty,RIBSP - QazVac,,,,,,
113,113,Lao People's Democratic Republic,LAO,AstraZeneca - Vaxzevria,Beijing CNBG - BBIBP-CorV,Gamaleya - Gam-Covid-Vac,Gamaleya - Sputnik-Light,Janssen - Ad26.COV 2-S,Pfizer BioNTech - Comirnaty,SII - Covishield,Sinovac - CoronaVac,,,,
114,114,Latvia,LVA,AstraZeneca - Vaxzevria,Janssen - Ad26.COV 2-S,Moderna - Spikevax,Novavax-NUVAXOVID,Pfizer BioNTech - Comirnaty,,,,,,,
115,115,Lebanon,LBN,AstraZeneca - Vaxzevria,Beijing CNBG - BBIBP-CorV,Bharat - Covaxin,CanSino - Convidecia,Gamaleya - Gam-Covid-Vac,Gamaleya - Sputnik-Light,Janssen - Ad26.COV 2-S,Moderna - Spikevax,Pfizer BioNTech - Comirnaty,Sinovac - CoronaVac,,
116,116,Lesotho,LSO,Beijing CNBG - BBIBP-CorV,Janssen - Ad26.COV 2-S,SII - Covishield,,,,,,,,,
117,117,Liberia,LBR,SII - Covishield,,,,,,,,,,,
118,118,Libya,LBY,AstraZeneca - Vaxzevria,Beijing CNBG - BBIBP-CorV,Bharat - Covaxin,CanSino - Convidecia,Gamaleya - Gam-Covid-Vac,Gamaleya - Sputnik-Light,Janssen - Ad26.COV 2-S,Moderna - Spikevax,Pfizer BioNTech - Comirnaty,Sinovac - CoronaVac,,
119,119,Liechtenstein,LIE,Janssen - Ad26.COV 2-S,Moderna - Spikevax,Pfizer BioNTech - Comirnaty,,,,,,,,,
120,120,Lithuania,LTU,AstraZeneca - Vaxzevria,Janssen - Ad26.COV 2-S,Moderna - Spikevax,Pfizer BioNTech - Comirnaty,Unknown Vaccine,,,,,,,
121,121,Luxembourg,LUX,AstraZeneca - Vaxzevria,Janssen - Ad26.COV 2-S,Moderna - Spikevax,Moderna â€“ Spikevax Bivalent Original/Omicron BA.1,Novavax-NUVAXOVID,Pfizer BioNTech - Comirnaty,Pfizer BioNTech - Comirnaty Bivalent Original/Omicron BA.1,Pfizer BioNTech - Comirnaty Bivalent Original/Omicron BA.4/BA.5,,,,
122,122,Madagascar,MDG,Beijing CNBG - BBIBP-CorV,Janssen - Ad26.COV 2-S,SII - Covishield,,,,,,,,,
123,123,Malawi,MWI,Janssen - Ad26.COV 2-S,SII - Covishield,,,,,,,,,,
124,124,Malaysia,MYS,AstraZeneca - Vaxzevria,Beijing CNBG - BBIBP-CorV,CanSino - Convidecia,Gamaleya - Gam-Covid-Vac,Janssen - Ad26.COV 2-S,Moderna - Spikevax,Pfizer BioNTech - Comirnaty,Sinovac - CoronaVac,,,,
125,125,Maldives,MDV,AstraZeneca - Vaxzevria,Beijing CNBG - BBIBP-CorV,Gamaleya - Gam-Covid-Vac,Janssen - Ad26.COV 2-S,Moderna - Spikevax,Pfizer BioNTech - Comirnaty,SII - Covishield,Sinovac - CoronaVac,,,,
126,126,Mali,MLI,SII - Covishield,,,,,,,,,,,
127,127,Malta,MLT,AstraZeneca - Vaxzevria,Janssen - Ad26.COV 2-S,Moderna - Spikevax,Pfizer BioNTech - Comirnaty,,,,,,,,
128,128,Marshall Islands,MHL,Janssen - Ad26.COV 2-S,Moderna - Spikevax,Pfizer BioNTech - Comirnaty,,,,,,,,,
129,129,Martinique,MTQ,Pfizer BioNTech - Comirnaty,,,,,,,,,,,
130,130,Mauritania,MRT,Beijing CNBG - BBIBP-CorV,SII - Covishield,,,,,,,,,,
131,131,Mauritius,MUS,Beijing CNBG - BBIBP-CorV,Bharat - Covaxin,SII - Covishield,,,,,,,,,
132,132,Mexico,MEX,AstraZeneca - Vaxzevria,CanSino - Convidecia,Gamaleya - Gam-Covid-Vac,Janssen - Ad26.COV 2-S,Moderna - Spikevax,Pfizer BioNTech - Comirnaty,Sinovac - CoronaVac,,,,,
133,133,Micronesia (Federated States of),FSM,AstraZeneca - Vaxzevria,Janssen - Ad26.COV 2-S,Moderna - Spikevax,Pfizer BioNTech - Comirnaty,,,,,,,,
134,134,Monaco,MCO,AstraZeneca - Vaxzevria,Janssen - Ad26.COV 2-S,Moderna - Spikevax,Novavax - Covavax,Novavax-NUVAXOVID,Pfizer BioNTech - Comirnaty,Unknown Vaccine,,,,,
135,135,Mongolia,MNG,AstraZeneca - Vaxzevria,Beijing CNBG - BBIBP-CorV,Gamaleya - Gam-Covid-Vac,Moderna - Spikevax,Pfizer BioNTech - Comirnaty,SII - Covishield,,,,,,
136,136,Montenegro,MNE,AstraZeneca - Vaxzevria,Beijing CNBG - BBIBP-CorV,Gamaleya - Gam-Covid-Vac,Pfizer BioNTech - Comirnaty,Unknown Vaccine,,,,,,,
137,137,Montserrat,MSR,AstraZeneca - Vaxzevria,,,,,,,,,,,
138,138,Morocco,MAR,AstraZeneca - Vaxzevria,Beijing CNBG - BBIBP-CorV,Bharat - Covaxin,CanSino - Convidecia,Gamaleya - Gam-Covid-Vac,Gamaleya - Sputnik-Light,Janssen - Ad26.COV 2-S,Moderna - Spikevax,Pfizer BioNTech - Comirnaty,Sinovac - CoronaVac,,
139,139,Mozambique,MOZ,Beijing CNBG - BBIBP-CorV,Janssen - Ad26.COV 2-S,SII - Covishield,,,,,,,,,
140,140,Myanmar,MMR,Beijing CNBG - BBIBP-CorV,SII - Covishield,,,,,,,,,,
141,141,Namibia,NAM,Beijing CNBG - BBIBP-CorV,Janssen - Ad26.COV 2-S,Pfizer BioNTech - Comirnaty,SII - Covishield,,,,,,,,
142,142,Nauru,NRU,AstraZeneca - Vaxzevria,SII - Covishield,,,,,,,,,,
143,143,Nepal,NPL,AstraZeneca - Vaxzevria,Beijing CNBG - BBIBP-CorV,Bharat - Covaxin,Gamaleya - Gam-Covid-Vac,Janssen - Ad26.COV 2-S,Moderna - Spikevax,Pfizer BioNTech - Comirnaty,SII - Covishield,,,,
144,144,Netherlands,NLD,AstraZeneca - Vaxzevria,Janssen - Ad26.COV 2-S,Moderna - Spikevax,Novavax-NUVAXOVID,Pfizer BioNTech - Comirnaty,Unknown Vaccine,,,,,,
145,145,New Caledonia,NCL,Janssen - Ad26.COV 2-S,Pfizer BioNTech - Comirnaty,,,,,,,,,,
146,146,New Zealand,NZL,AstraZeneca - Vaxzevria,Janssen - Ad26.COV 2-S,Novavax-NUVAXOVID,Pfizer BioNTech - Comirnaty,,,,,,,,
147,147,Nicaragua,NIC,AstraZeneca - Vaxzevria,CIGB - CIGB-66,Finlay - Soberana Plus,Finlay - Soberana-02,Gamaleya - Gam-Covid-Vac,Gamaleya - Sputnik-Light,Janssen - Ad26.COV 2-S,Pfizer BioNTech - Comirnaty,SII - Covishield,,,
148,148,Niger,NER,Beijing CNBG - BBIBP-CorV,SII - Covishield,,,,,,,,,,
149,149,Nigeria,NGA,SII - Covishield,,,,,,,,,,,
150,150,Niue,NIU,Pfizer BioNTech - Comirnaty,,,,,,,,,,,
151,151,North Macedonia,MKD,AstraZeneca - Vaxzevria,Beijing CNBG - BBIBP-CorV,Gamaleya - Gam-Covid-Vac,Moderna - Spikevax,Pfizer BioNTech - Comirnaty,Sinovac - CoronaVac,Wuhan CNBG - Inactivated,,,,,
152,152,Northern Mariana Islands (Commonwealth of the),MNP,Janssen - Ad26.COV 2-S,Moderna - Spikevax,Pfizer BioNTech - Comirnaty,,,,,,,,,
153,153,Norway,NOR,AstraZeneca - Vaxzevria,Janssen - Ad26.COV 2-S,Moderna - Spikevax,Pfizer BioNTech - Comirnaty,,,,,,,,
154,154,occupied Palestinian territory,PSE,AstraZeneca - Vaxzevria,Beijing CNBG - BBIBP-CorV,Bharat - Covaxin,CanSino - Convidecia,Gamaleya - Gam-Covid-Vac,Gamaleya - Sputnik-Light,Janssen - Ad26.COV 2-S,Moderna - Spikevax,Pfizer BioNTech - Comirnaty,Sinovac - CoronaVac,,
155,155,Oman,OMN,AstraZeneca - Vaxzevria,Beijing CNBG - BBIBP-CorV,Bharat - Covaxin,CanSino - Convidecia,Gamaleya - Gam-Covid-Vac,Gamaleya - Sputnik-Light,Janssen - Ad26.COV 2-S,Moderna - Spikevax,Pfizer BioNTech - Comirnaty,SII - Covishield,Sinovac - CoronaVac,
156,156,Pakistan,PAK,AstraZeneca - Vaxzevria,Beijing CNBG - BBIBP-CorV,Bharat - Covaxin,CanSino - Convidecia,Gamaleya - Gam-Covid-Vac,Gamaleya - Sputnik-Light,Janssen - Ad26.COV 2-S,Moderna - Spikevax,Pfizer BioNTech - Comirnaty,SII - Covishield,Sinovac - CoronaVac,
157,157,Palau,PLW,Janssen - Ad26.COV 2-S,Moderna - Spikevax,Pfizer BioNTech - Comirnaty,,,,,,,,,
158,158,Panama,PAN,AstraZeneca - Vaxzevria,Pfizer BioNTech - Comirnaty,,,,,,,,,,
159,159,Papua New Guinea,PNG,AstraZeneca - Vaxzevria,Beijing CNBG - BBIBP-CorV,Janssen - Ad26.COV 2-S,SII - Covishield,,,,,,,,
160,160,Paraguay,PRY,AstraZeneca - Vaxzevria,Beijing CNBG - BBIBP-CorV,Bharat - Covaxin,Gamaleya - Gam-Covid-Vac,Julphar - Hayat-Vax,Moderna - Spikevax,Pfizer BioNTech - Comirnaty,Sinovac - CoronaVac,,,,
161,161,Peru,PER,AstraZeneca - Vaxzevria,Beijing CNBG - BBIBP-CorV,Moderna - Spikevax,Pfizer BioNTech - Comirnaty,,,,,,,,
162,162,Philippines,PHL,AstraZeneca - Vaxzevria,Beijing CNBG - BBIBP-CorV,Bharat - Covaxin,Gamaleya - Gam-Covid-Vac,Gamaleya - Sputnik-Light,Janssen - Ad26.COV 2-S,Julphar - Hayat-Vax,Moderna - Spikevax,Novavax-NUVAXOVID,Pfizer BioNTech - Comirnaty,Sinovac - CoronaVac,
163,163,Pitcairn Islands,PCN,AstraZeneca - Vaxzevria,,,,,,,,,,,
164,164,Poland,POL,AstraZeneca - Vaxzevria,Janssen - Ad26.COV 2-S,Moderna - Spikevax,Novavax-NUVAXOVID,Pfizer BioNTech - Comirnaty,,,,,,,
165,165,Portugal,PRT,AstraZeneca - Vaxzevria,Beijing CNBG - BBIBP-CorV,Bharat - Covaxin,Janssen - Ad26.COV 2-S,Moderna - Spikevax,Moderna â€“ Spikevax Bivalent Original/Omicron BA.1,Novavax-NUVAXOVID,Pfizer BioNTech - Comirnaty,Pfizer BioNTech - Comirnaty Bivalent Original/Omicron BA.1,Pfizer BioNTech - Comirnaty Bivalent Original/Omicron BA.4/BA.5,Sinovac - CoronaVac,
166,166,Puerto Rico,PRI,Janssen - Ad26.COV 2-S,Moderna - Spikevax,Novavax-NUVAXOVID,Pfizer BioNTech - Comirnaty,,,,,,,,
167,167,Qatar,QAT,AstraZeneca - Vaxzevria,Beijing CNBG - BBIBP-CorV,Bharat - Covaxin,CanSino - Convidecia,Gamaleya - Gam-Covid-Vac,Gamaleya - Sputnik-Light,Janssen - Ad26.COV 2-S,Moderna - Spikevax,Pfizer BioNTech - Comirnaty,Sinovac - CoronaVac,,
168,168,Republic of Korea,KOR,AstraZeneca - Vaxzevria,Janssen - Ad26.COV 2-S,Moderna - Spikevax,Novavax-NUVAXOVID,Pfizer BioNTech - Comirnaty,,,,,,,
169,169,Republic of Moldova,MDA,AstraZeneca - Vaxzevria,Beijing CNBG - BBIBP-CorV,Gamaleya - Gam-Covid-Vac,Janssen - Ad26.COV 2-S,Moderna - Spikevax,Pfizer BioNTech - Comirnaty,Sinovac - CoronaVac,,,,,
170,170,Romania,ROU,AstraZeneca - Vaxzevria,Janssen - Ad26.COV 2-S,Moderna - Spikevax,Pfizer BioNTech - Comirnaty,,,,,,,,
171,171,Russian Federation,RUS,SRCVB - EpiVacCorona, Gamaleya - Sputnik V,,,,,,,,,,
172,172,Rwanda,RWA,Beijing CNBG - BBIBP-CorV,Gamaleya - Gam-Covid-Vac,Janssen - Ad26.COV 2-S,Moderna - Spikevax,Pfizer BioNTech - Comirnaty,SII - Covishield,Sinovac - CoronaVac,,,,,
173,173,Saba,XCA,,,,,,,,,,,,
174,174,"Saint Helena, Ascension and Tristan da Cunha",SHN,AstraZeneca - AZD1222,,,,,,,,,,,
175,175,Saint Kitts and Nevis,KNA,AstraZeneca - Vaxzevria,Pfizer BioNTech - Comirnaty,SII - Covishield,,,,,,,,,
176,176,Saint Lucia,LCA,AstraZeneca - Vaxzevria,Janssen - Ad26.COV 2-S,Moderna - Spikevax,Pfizer BioNTech - Comirnaty,SII - Covishield,,,,,,,
177,177,Saint Vincent and the Grenadines,VCT,AstraZeneca - Vaxzevria,Gamaleya - Gam-Covid-Vac,Gamaleya - Sputnik-Light,Pfizer BioNTech - Comirnaty,SII - Covishield,,,,,,,
178,178,Samoa,WSM,AstraZeneca - Vaxzevria,Pfizer BioNTech - Comirnaty,,,,,,,,,,
179,179,San Marino,SMR,Gamaleya - Gam-Covid-Vac,Pfizer BioNTech - Comirnaty,,,,,,,,,,
180,180,Sao Tome and Principe,STP,AstraZeneca - Vaxzevria,SII - Covishield,,,,,,,,,,
181,181,Saudi Arabia,SAU,AstraZeneca - Vaxzevria,Beijing CNBG - BBIBP-CorV,Bharat - Covaxin,CanSino - Convidecia,Gamaleya - Gam-Covid-Vac,Gamaleya - Sputnik-Light,Janssen - Ad26.COV 2-S,Moderna - Spikevax,Pfizer BioNTech - Comirnaty,Sinovac - CoronaVac,,
182,182,Senegal,SEN,Beijing CNBG - BBIBP-CorV,Janssen - Ad26.COV 2-S,SII - Covishield,,,,,,,,,
183,183,Serbia,SRB,AstraZeneca - Vaxzevria,Beijing CNBG - BBIBP-CorV,Gamaleya - Gam-Covid-Vac,Moderna - Spikevax,Pfizer BioNTech - Comirnaty,,,,,,,
184,184,Seychelles,SYC,Beijing CNBG - BBIBP-CorV,Gamaleya - Gam-Covid-Vac,Julphar - Hayat-Vax,SII - Covishield,,,,,,,,
185,185,Sierra Leone,SLE,Beijing CNBG - BBIBP-CorV,SII - Covishield,,,,,,,,,,
186,186,Singapore,SGP,AstraZeneca - Vaxzevria,Beijing CNBG - BBIBP-CorV,Moderna - Spikevax,Pfizer BioNTech - Comirnaty,,,,,,,,
187,187,Sint Eustatius,XBA,,,,,,,,,,,,
188,188,Sint Maarten,SXM,AstraZeneca - Vaxzevria,Moderna - Spikevax,Pfizer BioNTech - Comirnaty,,,,,,,,,
189,189,Slovakia,SVK,AstraZeneca - Vaxzevria,Gamaleya - Gam-Covid-Vac,Janssen - Ad26.COV 2-S,Moderna - Spikevax,Novavax-NUVAXOVID,Pfizer BioNTech - Comirnaty,Unknown Vaccine,,,,,
190,190,Slovenia,SVN,AstraZeneca - Vaxzevria,Janssen - Ad26.COV 2-S,Moderna - Spikevax,Novavax-NUVAXOVID,Pfizer BioNTech - Comirnaty,Unknown Vaccine,,,,,,
191,191,Solomon Islands,SLB,AstraZeneca - Vaxzevria,Beijing CNBG - BBIBP-CorV,Pfizer BioNTech - Comirnaty,SII - Covishield,,,,,,,,
192,192,Somalia,SOM,AstraZeneca - Vaxzevria,Beijing CNBG - BBIBP-CorV,Bharat - Covaxin,CanSino - Convidecia,Gamaleya - Gam-Covid-Vac,Gamaleya - Sputnik-Light,Janssen - Ad26.COV 2-S,Moderna - Spikevax,Pfizer BioNTech - Comirnaty,SII - Covishield,Sinovac - CoronaVac,
193,193,South Africa,ZAF,Janssen - Ad26.COV 2-S,Pfizer BioNTech - Comirnaty,,,,,,,,,,
194,194,South Sudan,SSD,Janssen - Ad26.COV 2-S,SII - Covishield,,,,,,,,,,
195,195,Spain,ESP,AstraZeneca - Vaxzevria,Janssen - Ad26.COV 2-S,Moderna - Spikevax,Pfizer BioNTech - Comirnaty,,,,,,,,
196,196,Sri Lanka,LKA,AstraZeneca - Vaxzevria,Beijing CNBG - BBIBP-CorV,Gamaleya - Gam-Covid-Vac,Moderna - Spikevax,Pfizer BioNTech - Comirnaty,SII - Covishield,,,,,,
197,197,Sudan,SDN,AstraZeneca - Vaxzevria,Beijing CNBG - BBIBP-CorV,Bharat - Covaxin,CanSino - Convidecia,Gamaleya - Gam-Covid-Vac,Gamaleya - Sputnik-Light,Janssen - Ad26.COV 2-S,Moderna - Spikevax,Pfizer BioNTech - Comirnaty,SII - Covishield,Sinovac - CoronaVac,
198,198,Suriname,SUR,AstraZeneca - Vaxzevria,Beijing CNBG - BBIBP-CorV,Moderna - Spikevax,Pfizer BioNTech - Comirnaty,SII - Covishield,,,,,,,
199,199,Sweden,SWE,AstraZeneca - Vaxzevria,Moderna - Spikevax,Novavax-NUVAXOVID,Pfizer BioNTech - Comirnaty,Unknown Vaccine,,,,,,,
200,200,Switzerland,CHE,Janssen - Ad26.COV 2-S,Moderna - Spikevax,Moderna â€“ Spikevax Bivalent Original/Omicron BA.1,Novavax-NUVAXOVID,Pfizer BioNTech - Comirnaty,Pfizer BioNTech - Comirnaty Bivalent Original/Omicron BA.1,,,,,,
201,201,Syrian Arab Republic,SYR,AstraZeneca - Vaxzevria,Beijing CNBG - BBIBP-CorV,Bharat - Covaxin,CanSino - Convidecia,Gamaleya - Gam-Covid-Vac,Gamaleya - Sputnik-Light,Janssen - Ad26.COV 2-S,Moderna - Spikevax,Pfizer BioNTech - Comirnaty,SII - Covishield,Sinovac - CoronaVac,
202,202,Tajikistan,TJK,AstraZeneca - Vaxzevria,Gamaleya - Gam-Covid-Vac,Moderna - Spikevax,Pfizer BioNTech - Comirnaty,SII - Covishield,Sinovac - CoronaVac,,,,,,
203,203,Thailand,THA,AstraZeneca - Vaxzevria,Beijing CNBG - BBIBP-CorV,Janssen - Ad26.COV 2-S,Moderna - Spikevax,Pfizer BioNTech - Comirnaty,SII - Covishield,SII - Covovax,Sinovac - CoronaVac,,,,
204,204,The United Kingdom,GBR,AstraZeneca - Vaxzevria,Moderna - Spikevax,Pfizer BioNTech - Comirnaty,,,,,,,,,
205,205,Timor-Leste,TLS,AstraZeneca - Vaxzevria,Pfizer BioNTech - Comirnaty,SII - Covishield,Sinovac - CoronaVac,,,,,,,,
206,206,Togo,TGO,SII - Covishield,,,,,,,,,,,
207,207,Tokelau,TKL,Pfizer BioNTech - Comirnaty,,,,,,,,,,,
208,208,Tonga,TON,AstraZeneca - Vaxzevria,Pfizer BioNTech - Comirnaty,,,,,,,,,,
209,209,Trinidad and Tobago,TTO,AstraZeneca - Vaxzevria,Beijing CNBG - BBIBP-CorV,Janssen - Ad26.COV 2-S,Pfizer BioNTech - Comirnaty,SII - Covishield,,,,,,,
210,210,Tunisia,TUN,AstraZeneca - Vaxzevria,Beijing CNBG - BBIBP-CorV,Bharat - Covaxin,CanSino - Convidecia,Gamaleya - Gam-Covid-Vac,Gamaleya - Sputnik-Light,Janssen - Ad26.COV 2-S,Moderna - Spikevax,Pfizer BioNTech - Comirnaty,Sinovac - CoronaVac,,
211,211,Turkey,TUR,Pfizer BioNTech - Comirnaty, Sinovac - CoronaVac, Turkovac,,,,,,,,,
212,212,Turkmenistan,TKM,Anhui ZL - Zifivax,AstraZeneca - Vaxzevria,Beijing CNBG - BBIBP-CorV,Gamaleya - Gam-Covid-Vac,RIBSP - QazVac,SRCVB - EpiVacCorona,Unknown Vaccine,,,,,
213,213,Turks and Caicos Islands,TCA,Pfizer BioNTech - Comirnaty,,,,,,,,,,,
214,214,Tuvalu,TUV,AstraZeneca - Vaxzevria,,,,,,,,,,,
215,215,Uganda,UGA,Janssen - Ad26.COV 2-S,Moderna - Spikevax,Pfizer BioNTech - Comirnaty,SII - Covishield,Sinovac - CoronaVac,,,,,,,
216,216,Ukraine,UKR,AstraZeneca - Vaxzevria,Janssen - Ad26.COV 2-S,Moderna - Spikevax,Pfizer BioNTech - Comirnaty,SII - Covishield,Sinovac - CoronaVac,,,,,,
217,217,United Arab Emirates,ARE,AstraZeneca - Vaxzevria,Beijing CNBG - BBIBP-CorV,Bharat - Covaxin,CanSino - Convidecia,Gamaleya - Gam-Covid-Vac,Gamaleya - Sputnik-Light,Janssen - Ad26.COV 2-S,Moderna - Spikevax,Pfizer BioNTech - Comirnaty,SII - Covishield,Sinovac - CoronaVac,
218,218,United Republic of Tanzania,TZA,Beijing CNBG - BBIBP-CorV,Janssen - Ad26.COV 2-S,Pfizer BioNTech - Comirnaty,,,,,,,,,
219,219,United States of America,USA,Janssen - Ad26.COV 2-S,Moderna - Spikevax,Novavax-NUVAXOVID,Pfizer BioNTech - Comirnaty,,,,,,,,
220,220,Uruguay,URY,AstraZeneca - Vaxzevria,Pfizer BioNTech - Comirnaty,Sinovac - CoronaVac,,,,,,,,,
221,221,Uzbekistan,UZB,Anhui ZL - Zifivax,Gamaleya - Gam-Covid-Vac,Gamaleya - Sputnik-Light,Moderna - Spikevax,Pfizer BioNTech - Comirnaty,SII - Covishield,Sinovac - CoronaVac,Unknown Vaccine,,,,
222,222,Vanuatu,VUT,AstraZeneca - Vaxzevria,Beijing CNBG - BBIBP-CorV,Janssen - Ad26.COV 2-S,,,,,,,,,
223,223,Venezuela (Bolivarian Republic of),VEN,Beijing CNBG - BBIBP-CorV,CIGB - CIGB-66,Finlay - Soberana-02,Gamaleya - Gam-Covid-Vac,Gamaleya - Sputnik-Light,Sinovac - CoronaVac,,,,,,
224,224,Viet Nam,VNM,AstraZeneca - Vaxzevria,Beijing CNBG - BBIBP-CorV,CIGB - CIGB-66,Gamaleya - Gam-Covid-Vac,Moderna - Spikevax,Pfizer BioNTech - Comirnaty,,,,,,
225,225,Wallis and Futuna,WLF,Moderna - Spikevax,,,,,,,,,,,
226,226,Yemen,YEM,AstraZeneca - Vaxzevria,Beijing CNBG - BBIBP-CorV,Bharat - Covaxin,CanSino - Convidecia,Gamaleya - Gam-Covid-Vac,Gamaleya - Sputnik-Light,Janssen - Ad26.COV 2-S,Moderna - Spikevax,Pfizer BioNTech - Comirnaty,SII - Covishield,Sinovac - CoronaVac,
227,227,Zambia,ZMB,Beijing CNBG - BBIBP-CorV,Janssen - Ad26.COV 2-S,SII - Covishield,,,,,,,,,
228,228,Zimbabwe,ZWE,Beijing CNBG - BBIBP-CorV,Bharat - Covaxin,Gamaleya - Gam-Covid-Vac,Sinovac - CoronaVac,,,,,,,,
